industry,config,reference_topic,candidate_topic,reference_size,candidate_size,intersection,jaccard,reference_recall,candidate_precision
finance,nn5_md0,0,1,749,2418,742,0.30597938144329895,0.9906542056074766,0.3068651778329198
finance,nn5_md0,1,0,652,635,613,0.9094955489614244,0.9401840490797546,0.9653543307086614
finance,nn5_md0,2,1,217,2418,217,0.08974358974358974,1.0,0.08974358974358974
finance,nn5_md0,3,1,197,2418,195,0.08057851239669421,0.9898477157360406,0.08064516129032258
finance,nn5_md0,4,1,156,2418,155,0.06407606448945845,0.9935897435897436,0.0641025641025641
finance,nn5_md0,5,1,74,2418,68,0.028052805280528052,0.918918918918919,0.028122415219189414
finance,nn5_md0,6,1,71,2418,68,0.02808756712102437,0.9577464788732394,0.028122415219189414
finance,nn5_md0,7,1,71,2418,71,0.029363110008271298,1.0,0.029363110008271298
finance,nn10_md0,0,0,749,2421,747,0.3082955014444903,0.9973297730307076,0.30855018587360594
finance,nn10_md0,1,1,652,641,622,0.9269746646795827,0.9539877300613497,0.9703588143525741
finance,nn10_md0,2,0,217,2421,217,0.08963238331268071,1.0,0.08963238331268071
finance,nn10_md0,3,0,197,2421,197,0.08137133415943824,1.0,0.08137133415943824
finance,nn10_md0,4,0,156,2421,156,0.0644361833952912,1.0,0.0644361833952912
finance,nn10_md0,5,0,74,2421,69,0.028441879637262985,0.9324324324324325,0.028500619578686492
finance,nn10_md0,6,0,71,2421,70,0.028901734104046242,0.9859154929577465,0.028913672036348616
finance,nn10_md0,7,0,71,2421,71,0.02932672449401074,1.0,0.02932672449401074
finance,nn15_md0_reproduction,0,4,749,749,749,1.0,1.0,1.0
finance,nn15_md0_reproduction,1,0,652,652,652,1.0,1.0,1.0
finance,nn15_md0_reproduction,2,2,217,217,217,1.0,1.0,1.0
finance,nn15_md0_reproduction,3,7,197,197,197,1.0,1.0,1.0
finance,nn15_md0_reproduction,4,6,156,156,156,1.0,1.0,1.0
finance,nn15_md0_reproduction,5,1,74,74,74,1.0,1.0,1.0
finance,nn15_md0_reproduction,6,5,71,71,71,1.0,1.0,1.0
finance,nn15_md0_reproduction,7,3,71,71,71,1.0,1.0,1.0
finance,nn30_md0,0,1,749,2419,748,0.3090909090909091,0.9986648865153538,0.30921868540719305
finance,nn30_md0,1,0,652,690,647,0.9309352517985612,0.9923312883435583,0.9376811594202898
finance,nn30_md0,2,1,217,2419,217,0.08970649028524183,1.0,0.08970649028524183
finance,nn30_md0,3,1,197,2419,197,0.08143861099627946,1.0,0.08143861099627946
finance,nn30_md0,4,1,156,2419,156,0.06448945845390658,1.0,0.06448945845390658
finance,nn30_md0,5,1,74,2419,74,0.03059115336916081,1.0,0.03059115336916081
finance,nn30_md0,6,1,71,2419,70,0.028925619834710745,0.9859154929577465,0.028937577511368336
finance,nn30_md0,7,1,71,2419,71,0.029350971475816452,1.0,0.029350971475816452
finance,nn50_md0,0,1,749,768,715,0.8915211970074813,0.9546061415220294,0.9309895833333334
finance,nn50_md0,1,0,652,683,641,0.9236311239193083,0.9831288343558282,0.9385065885797951
finance,nn50_md0,2,3,217,213,207,0.9282511210762332,0.9539170506912442,0.971830985915493
finance,nn50_md0,3,2,197,963,197,0.20456905503634476,1.0,0.20456905503634476
finance,nn50_md0,4,2,156,963,156,0.16199376947040497,1.0,0.16199376947040497
finance,nn50_md0,5,1,74,768,1,0.0011890606420927466,0.013513513513513514,0.0013020833333333333
finance,nn50_md0,6,2,71,963,67,0.06928645294725956,0.9436619718309859,0.0695742471443406
finance,nn50_md0,7,2,71,963,65,0.06707946336429309,0.9154929577464789,0.06749740394600208
finance,nn15_md01,0,0,749,2138,748,0.34969611968209446,0.9986648865153538,0.3498596819457437
finance,nn15_md01,1,2,652,663,636,0.9366715758468336,0.9754601226993865,0.9592760180995475
finance,nn15_md01,2,0,217,2138,216,0.10098176718092566,0.9953917050691244,0.10102899906454631
finance,nn15_md01,3,0,197,2138,197,0.0921421889616464,1.0,0.0921421889616464
finance,nn15_md01,4,0,156,2138,156,0.07296538821328344,1.0,0.07296538821328344
finance,nn15_md01,5,1,74,75,73,0.9605263157894737,0.9864864864864865,0.9733333333333334
finance,nn15_md01,6,0,71,2138,71,0.03320860617399439,1.0,0.03320860617399439
finance,nn15_md01,7,0,71,2138,71,0.03320860617399439,1.0,0.03320860617399439
finance,nn15_md05,0,4,749,420,382,0.48538754764930114,0.5100133511348465,0.9095238095238095
finance,nn15_md05,1,0,652,508,448,0.6292134831460674,0.6871165644171779,0.8818897637795275
finance,nn15_md05,2,2,217,151,150,0.6880733944954128,0.6912442396313364,0.9933774834437086
finance,nn15_md05,3,3,197,420,172,0.3865168539325843,0.8730964467005076,0.4095238095238095
finance,nn15_md05,4,3,156,420,132,0.2972972972972973,0.8461538461538461,0.3142857142857143
finance,nn15_md05,5,0,74,508,46,0.08582089552238806,0.6216216216216216,0.09055118110236221
finance,nn15_md05,6,4,71,420,24,0.05139186295503212,0.3380281690140845,0.05714285714285714
finance,nn15_md05,7,-1,71,1581,71,0.0,0.0,0.0
healthcare,nn5_md0,0,1,1269,7929,1269,0.16004540295119182,1.0,0.16004540295119182
healthcare,nn5_md0,1,1,620,7929,606,0.07629359184187334,0.9774193548387097,0.07642830117290957
healthcare,nn5_md0,2,1,488,7929,481,0.06060987903225806,0.985655737704918,0.06066338756463614
healthcare,nn5_md0,3,1,481,7929,477,0.060128576830959284,0.9916839916839917,0.060158910329171394
healthcare,nn5_md0,4,1,438,7929,418,0.052585230846647374,0.954337899543379,0.052717871106066336
healthcare,nn5_md0,5,1,397,7929,397,0.050069365619876405,1.0,0.050069365619876405
healthcare,nn5_md0,6,1,263,7929,263,0.03316937823180729,1.0,0.03316937823180729
healthcare,nn5_md0,7,1,227,7929,220,0.027721774193548387,0.9691629955947136,0.027746247950561232
healthcare,nn5_md0,8,1,213,7929,213,0.02686341278849792,1.0,0.02686341278849792
healthcare,nn5_md0,9,1,180,7929,178,0.022443575841634093,0.9888888888888889,0.02244923697818136
healthcare,nn5_md0,10,1,159,7929,159,0.0200529701097238,1.0,0.0200529701097238
healthcare,nn5_md0,11,2,149,180,139,0.7315789473684211,0.9328859060402684,0.7722222222222223
healthcare,nn5_md0,12,1,139,7929,139,0.017530583932400052,1.0,0.017530583932400052
healthcare,nn5_md0,13,1,123,7929,123,0.015512674990541053,1.0,0.015512674990541053
healthcare,nn5_md0,14,1,75,7929,75,0.009458948164964056,1.0,0.009458948164964056
healthcare,nn5_md0,15,1,74,7929,74,0.00933282885609787,1.0,0.00933282885609787
healthcare,nn10_md0,0,3,1269,1244,1195,0.9066767830045523,0.9416863672182821,0.9606109324758842
healthcare,nn10_md0,1,1,620,646,607,0.921092564491654,0.9790322580645161,0.9396284829721362
healthcare,nn10_md0,2,9,488,1692,473,0.27709431751611013,0.9692622950819673,0.27955082742316784
healthcare,nn10_md0,3,10,481,1192,461,0.3803630363036304,0.9584199584199584,0.38674496644295303
healthcare,nn10_md0,4,11,438,477,423,0.8597560975609756,0.9657534246575342,0.8867924528301887
healthcare,nn10_md0,5,7,397,298,248,0.5548098434004475,0.6246851385390428,0.8322147651006712
healthcare,nn10_md0,6,9,263,1692,258,0.15203299941072482,0.9809885931558935,0.1524822695035461
healthcare,nn10_md0,7,4,227,237,194,0.7185185185185186,0.8546255506607929,0.8185654008438819
healthcare,nn10_md0,8,2,213,200,196,0.9032258064516129,0.92018779342723,0.98
healthcare,nn10_md0,9,10,180,1192,173,0.14428690575479566,0.9611111111111111,0.14513422818791946
healthcare,nn10_md0,10,9,159,1692,158,0.09332545776727702,0.9937106918238994,0.0933806146572104
healthcare,nn10_md0,11,0,149,155,142,0.8765432098765432,0.9530201342281879,0.9161290322580645
healthcare,nn10_md0,12,9,139,1692,135,0.07959905660377359,0.9712230215827338,0.0797872340425532
healthcare,nn10_md0,13,10,123,1192,119,0.09949832775919733,0.967479674796748,0.09983221476510067
healthcare,nn10_md0,14,5,75,81,72,0.8571428571428571,0.96,0.8888888888888888
healthcare,nn10_md0,15,8,74,174,71,0.4011299435028249,0.9594594594594594,0.40804597701149425
healthcare,nn15_md0_reproduction,0,5,1269,1269,1269,1.0,1.0,1.0
healthcare,nn15_md0_reproduction,1,2,620,620,620,1.0,1.0,1.0
healthcare,nn15_md0_reproduction,2,7,488,488,488,1.0,1.0,1.0
healthcare,nn15_md0_reproduction,3,11,481,481,481,1.0,1.0,1.0
healthcare,nn15_md0_reproduction,4,4,438,438,438,1.0,1.0,1.0
healthcare,nn15_md0_reproduction,5,9,397,397,397,1.0,1.0,1.0
healthcare,nn15_md0_reproduction,6,15,263,263,263,1.0,1.0,1.0
healthcare,nn15_md0_reproduction,7,3,227,227,227,1.0,1.0,1.0
healthcare,nn15_md0_reproduction,8,1,213,213,213,1.0,1.0,1.0
healthcare,nn15_md0_reproduction,9,12,180,180,180,1.0,1.0,1.0
healthcare,nn15_md0_reproduction,10,14,159,159,159,1.0,1.0,1.0
healthcare,nn15_md0_reproduction,11,0,149,149,149,1.0,1.0,1.0
healthcare,nn15_md0_reproduction,12,13,139,139,139,1.0,1.0,1.0
healthcare,nn15_md0_reproduction,13,10,123,123,123,1.0,1.0,1.0
healthcare,nn15_md0_reproduction,14,6,75,75,75,1.0,1.0,1.0
healthcare,nn15_md0_reproduction,15,8,74,74,74,1.0,1.0,1.0
healthcare,nn30_md0,0,5,1269,1321,1235,0.9114391143911439,0.9732072498029944,0.9348978046934141
healthcare,nn30_md0,1,1,620,634,611,0.9502332814930016,0.9854838709677419,0.9637223974763407
healthcare,nn30_md0,2,10,488,443,422,0.8290766208251473,0.8647540983606558,0.9525959367945824
healthcare,nn30_md0,3,8,481,544,425,0.7083333333333334,0.8835758835758836,0.78125
healthcare,nn30_md0,4,3,438,437,414,0.8980477223427332,0.9452054794520548,0.9473684210526315
healthcare,nn30_md0,5,4,397,739,392,0.5268817204301075,0.9874055415617129,0.530446549391069
healthcare,nn30_md0,6,13,263,205,166,0.5496688741721855,0.6311787072243346,0.8097560975609757
healthcare,nn30_md0,7,6,227,188,179,0.7584745762711864,0.788546255506608,0.9521276595744681
healthcare,nn30_md0,8,2,213,202,197,0.9036697247706422,0.9248826291079812,0.9752475247524752
healthcare,nn30_md0,9,9,180,205,137,0.5524193548387096,0.7611111111111111,0.6682926829268293
healthcare,nn30_md0,10,11,159,198,139,0.6376146788990825,0.8742138364779874,0.702020202020202
healthcare,nn30_md0,11,0,149,149,146,0.9605263157894737,0.9798657718120806,0.9798657718120806
healthcare,nn30_md0,12,12,139,117,109,0.7414965986394558,0.7841726618705036,0.9316239316239316
healthcare,nn30_md0,13,7,123,129,114,0.8260869565217391,0.926829268292683,0.8837209302325582
healthcare,nn30_md0,14,4,75,739,69,0.09261744966442953,0.92,0.09336941813261164
healthcare,nn30_md0,15,4,74,739,74,0.10013531799729364,1.0,0.10013531799729364
healthcare,nn50_md0,0,1,1269,2486,1265,0.5080321285140562,0.9968479117415288,0.5088495575221239
healthcare,nn50_md0,1,2,620,624,596,0.9197530864197531,0.9612903225806452,0.9551282051282052
healthcare,nn50_md0,2,10,488,227,223,0.4532520325203252,0.4569672131147541,0.9823788546255506
healthcare,nn50_md0,3,7,481,487,383,0.6547008547008547,0.7962577962577962,0.7864476386036962
healthcare,nn50_md0,4,4,438,417,386,0.8230277185501066,0.8812785388127854,0.9256594724220624
healthcare,nn50_md0,5,1,397,2486,396,0.15922798552472858,0.9974811083123426,0.1592920353982301
healthcare,nn50_md0,6,11,263,186,157,0.5376712328767124,0.596958174904943,0.8440860215053764
healthcare,nn50_md0,7,1,227,2486,208,0.08303393213572854,0.9162995594713657,0.083668543845535
healthcare,nn50_md0,8,3,213,204,198,0.9041095890410958,0.9295774647887324,0.9705882352941176
healthcare,nn50_md0,9,6,180,156,118,0.5412844036697247,0.6555555555555556,0.7564102564102564
healthcare,nn50_md0,10,8,159,179,141,0.7157360406091371,0.8867924528301887,0.7877094972067039
healthcare,nn50_md0,11,0,149,146,142,0.9281045751633987,0.9530201342281879,0.9726027397260274
healthcare,nn50_md0,12,12,139,123,109,0.7124183006535948,0.7841726618705036,0.8861788617886179
healthcare,nn50_md0,13,5,123,125,110,0.7971014492753623,0.8943089430894309,0.88
healthcare,nn50_md0,14,1,75,2486,70,0.028101164191087918,0.9333333333333333,0.02815768302493966
healthcare,nn50_md0,15,1,74,2486,74,0.029766693483507644,1.0,0.029766693483507644
healthcare,nn15_md01,0,10,1269,345,345,0.2718676122931442,0.2718676122931442,1.0
healthcare,nn15_md01,1,1,620,624,613,0.971473851030111,0.9887096774193549,0.9823717948717948
healthcare,nn15_md01,2,7,488,343,343,0.7028688524590164,0.7028688524590164,1.0
healthcare,nn15_md01,3,3,481,1191,477,0.399163179916318,0.9916839916839917,0.4005037783375315
healthcare,nn15_md01,4,4,438,442,424,0.9298245614035088,0.9680365296803652,0.9592760180995475
healthcare,nn15_md01,5,9,397,341,317,0.7529691211401425,0.7984886649874056,0.9296187683284457
healthcare,nn15_md01,6,6,263,813,260,0.31862745098039214,0.9885931558935361,0.3198031980319803
healthcare,nn15_md01,7,5,227,181,180,0.7894736842105263,0.7929515418502202,0.994475138121547
healthcare,nn15_md01,8,2,213,198,196,0.9116279069767442,0.92018779342723,0.98989898989899
healthcare,nn15_md01,9,3,180,1191,177,0.14824120603015076,0.9833333333333333,0.1486146095717884
healthcare,nn15_md01,10,6,159,813,158,0.1941031941031941,0.9937106918238994,0.1943419434194342
healthcare,nn15_md01,11,0,149,152,145,0.9294871794871795,0.9731543624161074,0.9539473684210527
healthcare,nn15_md01,12,6,139,813,136,0.16666666666666666,0.9784172661870504,0.16728167281672818
healthcare,nn15_md01,13,3,123,1191,120,0.10050251256281408,0.975609756097561,0.10075566750629723
healthcare,nn15_md01,14,8,75,287,67,0.2271186440677966,0.8933333333333333,0.23344947735191637
healthcare,nn15_md01,15,8,74,287,72,0.2491349480968858,0.972972972972973,0.2508710801393728
healthcare,nn15_md05,0,1,1269,5996,1193,0.1964756258234519,0.9401103230890465,0.19896597731821214
healthcare,nn15_md05,1,0,620,626,565,0.8296622613803231,0.9112903225806451,0.902555910543131
healthcare,nn15_md05,2,1,488,5996,440,0.07279947054930509,0.9016393442622951,0.0733822548365577
healthcare,nn15_md05,3,1,481,5996,458,0.07609237414852965,0.9521829521829522,0.07638425617078053
healthcare,nn15_md05,4,1,438,5996,409,0.06788381742738589,0.9337899543378996,0.06821214142761842
healthcare,nn15_md05,5,1,397,5996,384,0.06390414378432352,0.9672544080604534,0.06404269513008673
healthcare,nn15_md05,6,1,263,5996,256,0.042645343994669335,0.973384030418251,0.04269513008672448
healthcare,nn15_md05,7,1,227,5996,177,0.029275554085345684,0.7797356828193832,0.02951967978652435
healthcare,nn15_md05,8,1,213,5996,182,0.030197444831591175,0.8544600938967136,0.030353569046030687
healthcare,nn15_md05,9,1,180,5996,162,0.02693714665779847,0.9,0.027018012008005337
healthcare,nn15_md05,10,1,159,5996,156,0.026004334055675947,0.9811320754716981,0.02601734489659773
healthcare,nn15_md05,11,2,149,98,98,0.6577181208053692,0.6577181208053692,1.0
healthcare,nn15_md05,12,1,139,5996,130,0.02164862614487927,0.935251798561151,0.021681120747164776
healthcare,nn15_md05,13,1,123,5996,106,0.017628471644769664,0.8617886178861789,0.017678452301534357
healthcare,nn15_md05,14,1,75,5996,67,0.011159227181878747,0.8933333333333333,0.011174116077384923
healthcare,nn15_md05,15,1,74,5996,73,0.01217275304318826,0.9864864864864865,0.012174783188792528
law,nn5_md0,0,4,1692,4317,1648,0.3778949782160055,0.9739952718676123,0.38174658327542277
law,nn5_md0,1,0,874,876,839,0.9209659714599341,0.959954233409611,0.9577625570776256
law,nn5_md0,2,3,264,284,249,0.8327759197324415,0.9431818181818182,0.8767605633802817
law,nn5_md0,3,4,227,4317,227,0.052582812138058835,1.0,0.052582812138058835
law,nn5_md0,4,4,216,4317,215,0.049791570171375636,0.9953703703703703,0.04980310400741256
law,nn5_md0,5,4,107,4317,105,0.024311183144246355,0.9813084112149533,0.024322446143154968
law,nn5_md0,6,2,92,86,83,0.8736842105263158,0.9021739130434783,0.9651162790697675
law,nn5_md0,7,4,82,4317,81,0.01875868457619268,0.9878048780487805,0.018763029881862403
law,nn5_md0,8,4,78,4317,73,0.016890328551596483,0.9358974358974359,0.016909891128098216
law,nn5_md0,9,7,76,57,53,0.6625,0.6973684210526315,0.9298245614035088
law,nn5_md0,10,4,70,4317,70,0.016214964095436647,1.0,0.016214964095436647
law,nn5_md0,11,3,69,284,7,0.02023121387283237,0.10144927536231885,0.02464788732394366
law,nn5_md0,12,1,52,55,49,0.8448275862068966,0.9423076923076923,0.8909090909090909
law,nn5_md0,13,6,50,49,37,0.5967741935483871,0.74,0.7551020408163265
law,nn5_md0,14,4,49,4317,49,0.011350474866805653,1.0,0.011350474866805653
law,nn5_md0,15,4,46,4317,46,0.010655547834144082,1.0,0.010655547834144082
law,nn5_md0,16,4,44,4317,44,0.010192263145703035,1.0,0.010192263145703035
law,nn5_md0,17,4,40,4317,40,0.009265693768820941,1.0,0.009265693768820941
law,nn5_md0,18,5,40,43,38,0.8444444444444444,0.95,0.8837209302325582
law,nn10_md0,0,6,1692,1734,1636,0.9139664804469274,0.966903073286052,0.9434832756632064
law,nn10_md0,1,0,874,877,856,0.9564245810055866,0.9794050343249427,0.976054732041049
law,nn10_md0,2,1,264,260,253,0.933579335793358,0.9583333333333334,0.9730769230769231
law,nn10_md0,3,18,227,175,152,0.608,0.6696035242290749,0.8685714285714285
law,nn10_md0,4,15,216,118,82,0.3253968253968254,0.37962962962962965,0.6949152542372882
law,nn10_md0,5,16,107,130,99,0.717391304347826,0.9252336448598131,0.7615384615384615
law,nn10_md0,6,2,92,84,84,0.9130434782608695,0.9130434782608695,1.0
law,nn10_md0,7,11,82,107,79,0.7181818181818181,0.9634146341463414,0.7383177570093458
law,nn10_md0,8,13,78,75,72,0.8888888888888888,0.9230769230769231,0.96
law,nn10_md0,9,5,76,126,75,0.5905511811023622,0.9868421052631579,0.5952380952380952
law,nn10_md0,10,9,70,72,68,0.918918918918919,0.9714285714285714,0.9444444444444444
law,nn10_md0,11,8,69,85,65,0.7303370786516854,0.9420289855072463,0.7647058823529411
law,nn10_md0,12,3,52,51,49,0.9074074074074074,0.9423076923076923,0.9607843137254902
law,nn10_md0,13,4,50,45,42,0.7924528301886793,0.84,0.9333333333333333
law,nn10_md0,14,14,49,53,48,0.8888888888888888,0.9795918367346939,0.9056603773584906
law,nn10_md0,15,12,46,45,36,0.6545454545454545,0.782608695652174,0.8
law,nn10_md0,16,19,44,49,40,0.7547169811320755,0.9090909090909091,0.8163265306122449
law,nn10_md0,17,-1,40,1611,40,0.0,0.0,0.0
law,nn10_md0,18,5,40,126,40,0.31746031746031744,1.0,0.31746031746031744
law,nn15_md0_reproduction,0,4,1692,1692,1692,1.0,1.0,1.0
law,nn15_md0_reproduction,1,0,874,874,874,1.0,1.0,1.0
law,nn15_md0_reproduction,2,1,264,264,264,1.0,1.0,1.0
law,nn15_md0_reproduction,3,17,227,227,227,1.0,1.0,1.0
law,nn15_md0_reproduction,4,15,216,216,216,1.0,1.0,1.0
law,nn15_md0_reproduction,5,18,107,107,107,1.0,1.0,1.0
law,nn15_md0_reproduction,6,3,92,92,92,1.0,1.0,1.0
law,nn15_md0_reproduction,7,12,82,82,82,1.0,1.0,1.0
law,nn15_md0_reproduction,8,10,78,78,78,1.0,1.0,1.0
law,nn15_md0_reproduction,9,5,76,76,76,1.0,1.0,1.0
law,nn15_md0_reproduction,10,13,70,70,70,1.0,1.0,1.0
law,nn15_md0_reproduction,11,7,69,69,69,1.0,1.0,1.0
law,nn15_md0_reproduction,12,2,52,52,52,1.0,1.0,1.0
law,nn15_md0_reproduction,13,8,50,50,50,1.0,1.0,1.0
law,nn15_md0_reproduction,14,14,49,49,49,1.0,1.0,1.0
law,nn15_md0_reproduction,15,11,46,46,46,1.0,1.0,1.0
law,nn15_md0_reproduction,16,16,44,44,44,1.0,1.0,1.0
law,nn15_md0_reproduction,17,9,40,40,40,1.0,1.0,1.0
law,nn15_md0_reproduction,18,6,40,40,40,1.0,1.0,1.0
law,nn30_md0,0,2,1692,4725,1692,0.3580952380952381,1.0,0.3580952380952381
law,nn30_md0,1,0,874,863,855,0.9693877551020408,0.9782608695652174,0.9907300115874855
law,nn30_md0,2,1,264,263,257,0.9518518518518518,0.9734848484848485,0.9771863117870723
law,nn30_md0,3,2,227,4725,227,0.04804232804232804,1.0,0.04804232804232804
law,nn30_md0,4,2,216,4725,216,0.045714285714285714,1.0,0.045714285714285714
law,nn30_md0,5,2,107,4725,107,0.022645502645502646,1.0,0.022645502645502646
law,nn30_md0,6,2,92,4725,92,0.019470899470899472,1.0,0.019470899470899472
law,nn30_md0,7,2,82,4725,82,0.017354497354497355,1.0,0.017354497354497355
law,nn30_md0,8,2,78,4725,78,0.01650793650793651,1.0,0.01650793650793651
law,nn30_md0,9,2,76,4725,76,0.016084656084656083,1.0,0.016084656084656083
law,nn30_md0,10,2,70,4725,70,0.014814814814814815,1.0,0.014814814814814815
law,nn30_md0,11,2,69,4725,69,0.014603174603174604,1.0,0.014603174603174604
law,nn30_md0,12,2,52,4725,52,0.011005291005291006,1.0,0.011005291005291006
law,nn30_md0,13,2,50,4725,48,0.010154431986460757,0.96,0.010158730158730159
law,nn30_md0,14,2,49,4725,49,0.01037037037037037,1.0,0.01037037037037037
law,nn30_md0,15,2,46,4725,46,0.009735449735449736,1.0,0.009735449735449736
law,nn30_md0,16,2,44,4725,44,0.009312169312169312,1.0,0.009312169312169312
law,nn30_md0,17,2,40,4725,40,0.008465608465608466,1.0,0.008465608465608466
law,nn30_md0,18,2,40,4725,40,0.008465608465608466,1.0,0.008465608465608466
law,nn50_md0,0,2,1692,4708,1691,0.3590995965173073,0.9994089834515366,0.35917587085811387
law,nn50_md0,1,0,874,858,851,0.9659477866061293,0.9736842105263158,0.9918414918414918
law,nn50_md0,2,1,264,241,238,0.8913857677902621,0.9015151515151515,0.9875518672199171
law,nn50_md0,3,2,227,4708,227,0.04821580288870009,1.0,0.04821580288870009
law,nn50_md0,4,2,216,4708,216,0.045879354290569246,1.0,0.045879354290569246
law,nn50_md0,5,2,107,4708,107,0.022727272727272728,1.0,0.022727272727272728
law,nn50_md0,6,2,92,4708,91,0.019324697387980462,0.9891304347826086,0.019328802039082413
law,nn50_md0,7,2,82,4708,82,0.017417162276975363,1.0,0.017417162276975363
law,nn50_md0,8,2,78,4708,78,0.01656754460492778,1.0,0.01656754460492778
law,nn50_md0,9,2,76,4708,76,0.016142735768903994,1.0,0.016142735768903994
law,nn50_md0,10,2,70,4708,70,0.014868309260832626,1.0,0.014868309260832626
law,nn50_md0,11,2,69,4708,69,0.01465590484282073,1.0,0.01465590484282073
law,nn50_md0,12,2,52,4708,52,0.011045029736618521,1.0,0.011045029736618521
law,nn50_md0,13,2,50,4708,47,0.00997665039269794,0.94,0.009983007646559048
law,nn50_md0,14,2,49,4708,49,0.010407816482582839,1.0,0.010407816482582839
law,nn50_md0,15,2,46,4708,46,0.009770603228547154,1.0,0.009770603228547154
law,nn50_md0,16,2,44,4708,44,0.009345794392523364,1.0,0.009345794392523364
law,nn50_md0,17,2,40,4708,40,0.008496176720475786,1.0,0.008496176720475786
law,nn50_md0,18,2,40,4708,40,0.008496176720475786,1.0,0.008496176720475786
law,nn15_md01,0,8,1692,1427,1425,0.8412042502951594,0.8421985815602837,0.9985984583041345
law,nn15_md01,1,0,874,864,861,0.9817559863169898,0.9851258581235698,0.9965277777777778
law,nn15_md01,2,2,264,263,260,0.9737827715355806,0.9848484848484849,0.9885931558935361
law,nn15_md01,3,16,227,181,174,0.7435897435897436,0.7665198237885462,0.9613259668508287
law,nn15_md01,4,14,216,63,62,0.2857142857142857,0.28703703703703703,0.9841269841269841
law,nn15_md01,5,17,107,82,82,0.7663551401869159,0.7663551401869159,1.0
law,nn15_md01,6,3,92,93,91,0.9680851063829787,0.9891304347826086,0.978494623655914
law,nn15_md01,7,11,82,80,78,0.9285714285714286,0.9512195121951219,0.975
law,nn15_md01,8,10,78,87,73,0.7934782608695652,0.9358974358974359,0.8390804597701149
law,nn15_md01,9,7,76,77,74,0.9367088607594937,0.9736842105263158,0.961038961038961
law,nn15_md01,10,13,70,71,69,0.9583333333333334,0.9857142857142858,0.971830985915493
law,nn15_md01,11,4,69,56,55,0.7857142857142857,0.7971014492753623,0.9821428571428571
law,nn15_md01,12,1,52,45,45,0.8653846153846154,0.8653846153846154,1.0
law,nn15_md01,13,5,50,41,41,0.82,0.82,1.0
law,nn15_md01,14,12,49,46,43,0.8269230769230769,0.8775510204081632,0.9347826086956522
law,nn15_md01,15,9,46,45,37,0.6851851851851852,0.8043478260869565,0.8222222222222222
law,nn15_md01,16,15,44,36,34,0.7391304347826086,0.7727272727272727,0.9444444444444444
law,nn15_md01,17,-1,40,2282,40,0.0,0.0,0.0
law,nn15_md01,18,6,40,37,36,0.8780487804878049,0.9,0.972972972972973
law,nn15_md05,0,2,1692,3426,1397,0.375436710561677,0.8256501182033097,0.4077641564506713
law,nn15_md05,1,1,874,701,700,0.8,0.8009153318077803,0.9985734664764622
law,nn15_md05,2,0,264,200,200,0.7575757575757576,0.7575757575757576,1.0
law,nn15_md05,3,2,227,3426,223,0.06501457725947522,0.9823788546255506,0.06509048453006422
law,nn15_md05,4,2,216,3426,180,0.05199306759098787,0.8333333333333334,0.05253940455341506
law,nn15_md05,5,2,107,3426,98,0.028529839883551674,0.9158878504672897,0.028604786923525978
law,nn15_md05,6,2,92,3426,82,0.023864959254947613,0.8913043478260869,0.023934617629889084
law,nn15_md05,7,2,82,3426,73,0.021251819505094614,0.8902439024390244,0.02130764740221833
law,nn15_md05,8,2,78,3426,68,0.01979045401629802,0.8717948717948718,0.0198482194979568
law,nn15_md05,9,2,76,3426,55,0.015955903684363216,0.7236842105263158,0.016053706946876824
law,nn15_md05,10,2,70,3426,61,0.017758369723435224,0.8714285714285714,0.01780502043199066
law,nn15_md05,11,2,69,3426,54,0.015693112467306015,0.782608695652174,0.01576182136602452
law,nn15_md05,12,2,52,3426,1,0.0002876042565429968,0.019230769230769232,0.0002918855808523059
law,nn15_md05,13,2,50,3426,34,0.009877977919814061,0.68,0.0099241097489784
law,nn15_md05,14,2,49,3426,37,0.010762070971495055,0.7551020408163265,0.010799766491535318
law,nn15_md05,15,2,46,3426,40,0.011655011655011656,0.8695652173913043,0.011675423234092236
law,nn15_md05,16,2,44,3426,41,0.011956838728492273,0.9318181818181818,0.011967308814944542
law,nn15_md05,17,2,40,3426,23,0.006680220737728725,0.575,0.006713368359603036
law,nn15_md05,18,-1,40,1549,40,0.0,0.0,0.0
software_engineering,nn5_md0,0,1,2291,2310,2179,0.8996696944673823,0.951113051069402,0.9432900432900433
software_engineering,nn5_md0,1,14,730,671,634,0.8265971316818774,0.8684931506849315,0.9448584202682563
software_engineering,nn5_md0,2,84,705,116,104,0.14504881450488144,0.1475177304964539,0.896551724137931
software_engineering,nn5_md0,3,91,639,129,107,0.16187594553706505,0.1674491392801252,0.8294573643410853
software_engineering,nn5_md0,4,22,550,567,468,0.7211093990755008,0.850909090909091,0.8253968253968254
software_engineering,nn5_md0,5,67,305,219,118,0.29064039408866993,0.38688524590163936,0.5388127853881278
software_engineering,nn5_md0,6,0,241,256,238,0.918918918918919,0.9875518672199171,0.9296875
software_engineering,nn5_md0,7,26,239,199,183,0.7176470588235294,0.7656903765690377,0.9195979899497487
software_engineering,nn5_md0,8,34,239,984,221,0.22055888223552894,0.9246861924686193,0.22459349593495934
software_engineering,nn5_md0,9,81,226,122,65,0.22968197879858657,0.28761061946902655,0.5327868852459017
software_engineering,nn5_md0,10,53,225,246,208,0.7908745247148289,0.9244444444444444,0.8455284552845529
software_engineering,nn5_md0,11,88,202,204,161,0.6571428571428571,0.7970297029702971,0.7892156862745098
software_engineering,nn5_md0,12,34,194,984,169,0.16749256689791872,0.8711340206185567,0.1717479674796748
software_engineering,nn5_md0,13,54,190,176,162,0.7941176470588235,0.8526315789473684,0.9204545454545454
software_engineering,nn5_md0,14,46,185,77,63,0.3165829145728643,0.34054054054054056,0.8181818181818182
software_engineering,nn5_md0,15,30,172,92,76,0.40425531914893614,0.4418604651162791,0.8260869565217391
software_engineering,nn5_md0,16,27,167,196,152,0.7203791469194313,0.9101796407185628,0.7755102040816326
software_engineering,nn5_md0,17,32,154,80,69,0.41818181818181815,0.44805194805194803,0.8625
software_engineering,nn5_md0,18,5,150,161,133,0.7471910112359551,0.8866666666666667,0.8260869565217391
software_engineering,nn5_md0,19,15,144,130,121,0.7908496732026143,0.8402777777777778,0.9307692307692308
software_engineering,nn5_md0,20,65,124,96,28,0.14583333333333334,0.22580645161290322,0.2916666666666667
software_engineering,nn5_md0,21,42,116,102,88,0.676923076923077,0.7586206896551724,0.8627450980392157
software_engineering,nn5_md0,22,18,111,153,103,0.639751552795031,0.9279279279279279,0.673202614379085
software_engineering,nn5_md0,23,57,108,81,47,0.33098591549295775,0.4351851851851852,0.5802469135802469
software_engineering,nn5_md0,24,73,106,159,94,0.5497076023391813,0.8867924528301887,0.5911949685534591
software_engineering,nn5_md0,25,12,105,100,90,0.782608695652174,0.8571428571428571,0.9
software_engineering,nn5_md0,26,38,105,109,81,0.6090225563909775,0.7714285714285715,0.7431192660550459
software_engineering,nn5_md0,27,9,100,65,43,0.3524590163934426,0.43,0.6615384615384615
software_engineering,nn5_md0,28,63,96,67,43,0.35833333333333334,0.4479166666666667,0.6417910447761194
software_engineering,nn5_md0,29,86,92,37,24,0.22857142857142856,0.2608695652173913,0.6486486486486487
software_engineering,nn5_md0,30,62,92,114,46,0.2875,0.5,0.40350877192982454
software_engineering,nn5_md0,31,64,91,109,85,0.7391304347826086,0.9340659340659341,0.7798165137614679
software_engineering,nn5_md0,32,8,85,44,35,0.3723404255319149,0.4117647058823529,0.7954545454545454
software_engineering,nn5_md0,33,25,83,58,51,0.5666666666666667,0.6144578313253012,0.8793103448275862
software_engineering,nn5_md0,34,51,81,158,76,0.4662576687116564,0.9382716049382716,0.4810126582278481
software_engineering,nn5_md0,35,59,80,87,68,0.6868686868686869,0.85,0.7816091954022989
software_engineering,nn5_md0,36,79,80,35,22,0.23655913978494625,0.275,0.6285714285714286
software_engineering,nn5_md0,37,7,77,99,63,0.5575221238938053,0.8181818181818182,0.6363636363636364
software_engineering,nn5_md0,38,37,72,86,66,0.717391304347826,0.9166666666666666,0.7674418604651163
software_engineering,nn5_md0,39,56,71,57,42,0.4883720930232558,0.5915492957746479,0.7368421052631579
software_engineering,nn5_md0,40,34,68,984,44,0.04365079365079365,0.6470588235294118,0.044715447154471545
software_engineering,nn5_md0,41,3,67,71,59,0.7468354430379747,0.8805970149253731,0.8309859154929577
software_engineering,nn5_md0,42,4,64,53,50,0.746268656716418,0.78125,0.9433962264150944
software_engineering,nn5_md0,43,81,60,122,25,0.1592356687898089,0.4166666666666667,0.20491803278688525
software_engineering,nn5_md0,44,50,60,91,41,0.37272727272727274,0.6833333333333333,0.45054945054945056
software_engineering,nn5_md0,45,40,60,69,22,0.205607476635514,0.36666666666666664,0.3188405797101449
software_engineering,nn5_md0,46,23,60,64,31,0.3333333333333333,0.5166666666666667,0.484375
software_engineering,nn5_md0,47,55,54,64,28,0.3111111111111111,0.5185185185185185,0.4375
software_engineering,nn5_md0,48,60,52,75,31,0.3229166666666667,0.5961538461538461,0.41333333333333333
software_engineering,nn5_md0,49,34,51,984,49,0.04969574036511156,0.9607843137254902,0.049796747967479675
software_engineering,nn5_md0,50,36,51,61,47,0.7230769230769231,0.9215686274509803,0.7704918032786885
software_engineering,nn5_md0,51,19,51,47,18,0.225,0.35294117647058826,0.3829787234042553
software_engineering,nn5_md0,52,35,51,66,42,0.56,0.8235294117647058,0.6363636363636364
software_engineering,nn5_md0,53,21,51,48,46,0.8679245283018868,0.9019607843137255,0.9583333333333334
software_engineering,nn5_md0,54,20,50,50,43,0.7543859649122807,0.86,0.86
software_engineering,nn5_md0,55,76,50,71,25,0.2604166666666667,0.5,0.352112676056338
software_engineering,nn5_md0,56,40,48,69,25,0.2717391304347826,0.5208333333333334,0.36231884057971014
software_engineering,nn5_md0,57,24,47,45,14,0.1794871794871795,0.2978723404255319,0.3111111111111111
software_engineering,nn5_md0,58,54,44,176,5,0.023255813953488372,0.11363636363636363,0.028409090909090908
software_engineering,nn5_md0,59,16,42,53,20,0.26666666666666666,0.47619047619047616,0.37735849056603776
software_engineering,nn5_md0,60,6,40,43,38,0.8444444444444444,0.95,0.8837209302325582
software_engineering,nn5_md0,61,85,38,50,7,0.08641975308641975,0.18421052631578946,0.14
software_engineering,nn5_md0,62,19,38,47,19,0.2878787878787879,0.5,0.40425531914893614
software_engineering,nn5_md0,63,24,36,45,13,0.19117647058823528,0.3611111111111111,0.28888888888888886
software_engineering,nn5_md0,64,49,36,36,21,0.4117647058823529,0.5833333333333334,0.5833333333333334
software_engineering,nn5_md0,65,65,35,96,7,0.056451612903225805,0.2,0.07291666666666667
software_engineering,nn10_md0,0,3,2291,2311,2250,0.9566326530612245,0.9821038847664775,0.9736045002163566
software_engineering,nn10_md0,1,8,730,582,581,0.7948016415868673,0.7958904109589041,0.9982817869415808
software_engineering,nn10_md0,2,55,705,380,342,0.46029609690444145,0.4851063829787234,0.9
software_engineering,nn10_md0,3,71,639,192,176,0.2687022900763359,0.27543035993740217,0.9166666666666666
software_engineering,nn10_md0,4,20,550,494,467,0.8093587521663779,0.8490909090909091,0.9453441295546559
software_engineering,nn10_md0,5,65,305,127,107,0.3292307692307692,0.35081967213114756,0.84251968503937
software_engineering,nn10_md0,6,0,241,243,239,0.9755102040816327,0.991701244813278,0.9835390946502057
software_engineering,nn10_md0,7,17,239,223,208,0.8188976377952756,0.8702928870292888,0.9327354260089686
software_engineering,nn10_md0,8,19,239,1458,228,0.15520762423417292,0.9539748953974896,0.15637860082304528
software_engineering,nn10_md0,9,66,226,138,95,0.35315985130111527,0.42035398230088494,0.6884057971014492
software_engineering,nn10_md0,10,34,225,217,207,0.8808510638297873,0.92,0.9539170506912442
software_engineering,nn10_md0,11,63,202,204,148,0.5736434108527132,0.7326732673267327,0.7254901960784313
software_engineering,nn10_md0,12,19,194,1458,190,0.12995896032831739,0.979381443298969,0.13031550068587106
software_engineering,nn10_md0,13,7,190,198,187,0.9303482587064676,0.9842105263157894,0.9444444444444444
software_engineering,nn10_md0,14,52,185,74,72,0.3850267379679144,0.3891891891891892,0.972972972972973
software_engineering,nn10_md0,15,29,172,199,160,0.7582938388625592,0.9302325581395349,0.8040201005025126
software_engineering,nn10_md0,16,18,167,154,149,0.8662790697674418,0.8922155688622755,0.9675324675324676
software_engineering,nn10_md0,17,19,154,1458,148,0.10109289617486339,0.961038961038961,0.10150891632373114
software_engineering,nn10_md0,18,6,150,138,134,0.8701298701298701,0.8933333333333333,0.9710144927536232
software_engineering,nn10_md0,19,28,144,157,140,0.8695652173913043,0.9722222222222222,0.89171974522293
software_engineering,nn10_md0,20,40,124,36,27,0.20300751879699247,0.21774193548387097,0.75
software_engineering,nn10_md0,21,38,116,117,109,0.8790322580645161,0.9396551724137931,0.9316239316239316
software_engineering,nn10_md0,22,60,111,53,51,0.45132743362831856,0.4594594594594595,0.9622641509433962
software_engineering,nn10_md0,23,37,108,121,88,0.624113475177305,0.8148148148148148,0.7272727272727273
software_engineering,nn10_md0,24,41,106,147,102,0.6754966887417219,0.9622641509433962,0.6938775510204082
software_engineering,nn10_md0,25,2,105,102,100,0.9345794392523364,0.9523809523809523,0.9803921568627451
software_engineering,nn10_md0,26,25,105,140,95,0.6333333333333333,0.9047619047619048,0.6785714285714286
software_engineering,nn10_md0,27,16,100,88,87,0.8613861386138614,0.87,0.9886363636363636
software_engineering,nn10_md0,28,35,96,92,81,0.7570093457943925,0.84375,0.8804347826086957
software_engineering,nn10_md0,29,58,92,35,27,0.27,0.29347826086956524,0.7714285714285715
software_engineering,nn10_md0,30,45,92,159,66,0.3567567567567568,0.717391304347826,0.41509433962264153
software_engineering,nn10_md0,31,69,91,126,85,0.6439393939393939,0.9340659340659341,0.6746031746031746
software_engineering,nn10_md0,32,15,85,40,35,0.3888888888888889,0.4117647058823529,0.875
software_engineering,nn10_md0,33,13,83,92,80,0.8421052631578947,0.963855421686747,0.8695652173913043
software_engineering,nn10_md0,34,33,81,112,77,0.6637931034482759,0.9506172839506173,0.6875
software_engineering,nn10_md0,35,50,80,102,78,0.75,0.975,0.7647058823529411
software_engineering,nn10_md0,36,68,80,66,36,0.32727272727272727,0.45,0.5454545454545454
software_engineering,nn10_md0,37,22,77,114,72,0.6050420168067226,0.935064935064935,0.631578947368421
software_engineering,nn10_md0,38,27,72,77,70,0.8860759493670886,0.9722222222222222,0.9090909090909091
software_engineering,nn10_md0,39,39,71,81,65,0.7471264367816092,0.9154929577464789,0.8024691358024691
software_engineering,nn10_md0,40,19,68,1458,65,0.044490075290896644,0.9558823529411765,0.04458161865569273
software_engineering,nn10_md0,41,1,67,67,64,0.9142857142857143,0.9552238805970149,0.9552238805970149
software_engineering,nn10_md0,42,30,64,54,50,0.7352941176470589,0.78125,0.9259259259259259
software_engineering,nn10_md0,43,66,60,138,19,0.10614525139664804,0.31666666666666665,0.13768115942028986
software_engineering,nn10_md0,44,32,60,44,40,0.625,0.6666666666666666,0.9090909090909091
software_engineering,nn10_md0,45,56,60,80,58,0.7073170731707317,0.9666666666666667,0.725
software_engineering,nn10_md0,46,14,60,43,35,0.5147058823529411,0.5833333333333334,0.813953488372093
software_engineering,nn10_md0,47,44,54,84,33,0.3142857142857143,0.6111111111111112,0.39285714285714285
software_engineering,nn10_md0,48,42,52,49,45,0.8035714285714286,0.8653846153846154,0.9183673469387755
software_engineering,nn10_md0,49,19,51,1458,51,0.03497942386831276,1.0,0.03497942386831276
software_engineering,nn10_md0,50,53,51,52,45,0.7758620689655172,0.8823529411764706,0.8653846153846154
software_engineering,nn10_md0,51,24,51,51,48,0.8888888888888888,0.9411764705882353,0.9411764705882353
software_engineering,nn10_md0,52,26,51,53,45,0.7627118644067796,0.8823529411764706,0.8490566037735849
software_engineering,nn10_md0,53,21,51,47,47,0.9215686274509803,0.9215686274509803,1.0
software_engineering,nn10_md0,54,23,50,48,47,0.9215686274509803,0.94,0.9791666666666666
software_engineering,nn10_md0,55,57,50,42,16,0.21052631578947367,0.32,0.38095238095238093
software_engineering,nn10_md0,56,49,48,38,31,0.5636363636363636,0.6458333333333334,0.8157894736842105
software_engineering,nn10_md0,57,31,47,72,16,0.1553398058252427,0.3404255319148936,0.2222222222222222
software_engineering,nn10_md0,58,25,44,140,19,0.11515151515151516,0.4318181818181818,0.1357142857142857
software_engineering,nn10_md0,59,19,42,1458,39,0.026694045174537988,0.9285714285714286,0.026748971193415638
software_engineering,nn10_md0,60,5,40,40,38,0.9047619047619048,0.95,0.95
software_engineering,nn10_md0,61,-1,38,7423,38,0.0,0.0,0.0
software_engineering,nn10_md0,62,22,38,114,38,0.3333333333333333,1.0,0.3333333333333333
software_engineering,nn10_md0,63,31,36,72,33,0.44,0.9166666666666666,0.4583333333333333
software_engineering,nn10_md0,64,47,36,85,1,0.008333333333333333,0.027777777777777776,0.011764705882352941
software_engineering,nn10_md0,65,43,35,142,22,0.14193548387096774,0.6285714285714286,0.15492957746478872
software_engineering,nn15_md0_reproduction,0,1,2291,2291,2291,1.0,1.0,1.0
software_engineering,nn15_md0_reproduction,1,6,730,730,730,1.0,1.0,1.0
software_engineering,nn15_md0_reproduction,2,52,705,705,705,1.0,1.0,1.0
software_engineering,nn15_md0_reproduction,3,54,639,639,639,1.0,1.0,1.0
software_engineering,nn15_md0_reproduction,4,9,550,550,550,1.0,1.0,1.0
software_engineering,nn15_md0_reproduction,5,57,305,305,305,1.0,1.0,1.0
software_engineering,nn15_md0_reproduction,6,0,241,241,241,1.0,1.0,1.0
software_engineering,nn15_md0_reproduction,7,13,239,239,239,1.0,1.0,1.0
software_engineering,nn15_md0_reproduction,8,18,239,239,239,1.0,1.0,1.0
software_engineering,nn15_md0_reproduction,9,59,226,226,226,1.0,1.0,1.0
software_engineering,nn15_md0_reproduction,10,35,225,225,225,1.0,1.0,1.0
software_engineering,nn15_md0_reproduction,11,64,202,202,202,1.0,1.0,1.0
software_engineering,nn15_md0_reproduction,12,17,194,194,194,1.0,1.0,1.0
software_engineering,nn15_md0_reproduction,13,23,190,190,190,1.0,1.0,1.0
software_engineering,nn15_md0_reproduction,14,51,185,185,185,1.0,1.0,1.0
software_engineering,nn15_md0_reproduction,15,38,172,172,172,1.0,1.0,1.0
software_engineering,nn15_md0_reproduction,16,12,167,167,167,1.0,1.0,1.0
software_engineering,nn15_md0_reproduction,17,14,154,154,154,1.0,1.0,1.0
software_engineering,nn15_md0_reproduction,18,4,150,150,150,1.0,1.0,1.0
software_engineering,nn15_md0_reproduction,19,31,144,144,144,1.0,1.0,1.0
software_engineering,nn15_md0_reproduction,20,44,124,124,124,1.0,1.0,1.0
software_engineering,nn15_md0_reproduction,21,24,116,116,116,1.0,1.0,1.0
software_engineering,nn15_md0_reproduction,22,56,111,111,111,1.0,1.0,1.0
software_engineering,nn15_md0_reproduction,23,43,108,108,108,1.0,1.0,1.0
software_engineering,nn15_md0_reproduction,24,46,106,106,106,1.0,1.0,1.0
software_engineering,nn15_md0_reproduction,25,3,105,105,105,1.0,1.0,1.0
software_engineering,nn15_md0_reproduction,26,27,105,105,105,1.0,1.0,1.0
software_engineering,nn15_md0_reproduction,27,30,100,100,100,1.0,1.0,1.0
software_engineering,nn15_md0_reproduction,28,36,96,96,96,1.0,1.0,1.0
software_engineering,nn15_md0_reproduction,29,65,92,92,92,1.0,1.0,1.0
software_engineering,nn15_md0_reproduction,30,48,92,92,92,1.0,1.0,1.0
software_engineering,nn15_md0_reproduction,31,60,91,91,91,1.0,1.0,1.0
software_engineering,nn15_md0_reproduction,32,32,85,85,85,1.0,1.0,1.0
software_engineering,nn15_md0_reproduction,33,11,83,83,83,1.0,1.0,1.0
software_engineering,nn15_md0_reproduction,34,50,81,81,81,1.0,1.0,1.0
software_engineering,nn15_md0_reproduction,35,62,80,80,80,1.0,1.0,1.0
software_engineering,nn15_md0_reproduction,36,61,80,80,80,1.0,1.0,1.0
software_engineering,nn15_md0_reproduction,37,7,77,77,77,1.0,1.0,1.0
software_engineering,nn15_md0_reproduction,38,28,72,72,72,1.0,1.0,1.0
software_engineering,nn15_md0_reproduction,39,42,71,71,71,1.0,1.0,1.0
software_engineering,nn15_md0_reproduction,40,16,68,68,68,1.0,1.0,1.0
software_engineering,nn15_md0_reproduction,41,2,67,67,67,1.0,1.0,1.0
software_engineering,nn15_md0_reproduction,42,47,64,64,64,1.0,1.0,1.0
software_engineering,nn15_md0_reproduction,43,58,60,60,60,1.0,1.0,1.0
software_engineering,nn15_md0_reproduction,44,34,60,60,60,1.0,1.0,1.0
software_engineering,nn15_md0_reproduction,45,63,60,60,60,1.0,1.0,1.0
software_engineering,nn15_md0_reproduction,46,22,60,60,60,1.0,1.0,1.0
software_engineering,nn15_md0_reproduction,47,49,54,54,54,1.0,1.0,1.0
software_engineering,nn15_md0_reproduction,48,45,52,52,52,1.0,1.0,1.0
software_engineering,nn15_md0_reproduction,49,19,51,51,51,1.0,1.0,1.0
software_engineering,nn15_md0_reproduction,50,53,51,51,51,1.0,1.0,1.0
software_engineering,nn15_md0_reproduction,51,10,51,51,51,1.0,1.0,1.0
software_engineering,nn15_md0_reproduction,52,26,51,51,51,1.0,1.0,1.0
software_engineering,nn15_md0_reproduction,53,21,51,51,51,1.0,1.0,1.0
software_engineering,nn15_md0_reproduction,54,29,50,50,50,1.0,1.0,1.0
software_engineering,nn15_md0_reproduction,55,55,50,50,50,1.0,1.0,1.0
software_engineering,nn15_md0_reproduction,56,40,48,48,48,1.0,1.0,1.0
software_engineering,nn15_md0_reproduction,57,33,47,47,47,1.0,1.0,1.0
software_engineering,nn15_md0_reproduction,58,25,44,44,44,1.0,1.0,1.0
software_engineering,nn15_md0_reproduction,59,15,42,42,42,1.0,1.0,1.0
software_engineering,nn15_md0_reproduction,60,5,40,40,40,1.0,1.0,1.0
software_engineering,nn15_md0_reproduction,61,37,38,38,38,1.0,1.0,1.0
software_engineering,nn15_md0_reproduction,62,8,38,38,38,1.0,1.0,1.0
software_engineering,nn15_md0_reproduction,63,20,36,36,36,1.0,1.0,1.0
software_engineering,nn15_md0_reproduction,64,39,36,36,36,1.0,1.0,1.0
software_engineering,nn15_md0_reproduction,65,41,35,35,35,1.0,1.0,1.0
software_engineering,nn30_md0,0,2,2291,2251,2227,0.9619870410367171,0.9720646006110869,0.9893380719680143
software_engineering,nn30_md0,1,6,730,674,663,0.8947368421052632,0.9082191780821918,0.983679525222552
software_engineering,nn30_md0,2,43,705,476,409,0.5297927461139896,0.5801418439716312,0.8592436974789915
software_engineering,nn30_md0,3,37,639,674,493,0.6012195121951219,0.7715179968701096,0.7314540059347181
software_engineering,nn30_md0,4,11,550,470,465,0.8378378378378378,0.8454545454545455,0.9893617021276596
software_engineering,nn30_md0,5,45,305,135,121,0.3793103448275862,0.39672131147540984,0.8962962962962963
software_engineering,nn30_md0,6,0,241,238,235,0.9631147540983607,0.975103734439834,0.9873949579831933
software_engineering,nn30_md0,7,9,239,230,214,0.8392156862745098,0.895397489539749,0.9304347826086956
software_engineering,nn30_md0,8,12,239,1572,235,0.14911167512690354,0.9832635983263598,0.1494910941475827
software_engineering,nn30_md0,9,47,226,99,83,0.34297520661157027,0.3672566371681416,0.8383838383838383
software_engineering,nn30_md0,10,21,225,205,198,0.853448275862069,0.88,0.9658536585365853
software_engineering,nn30_md0,11,52,202,219,171,0.684,0.8465346534653465,0.7808219178082192
software_engineering,nn30_md0,12,12,194,1572,191,0.12126984126984126,0.9845360824742269,0.12150127226463105
software_engineering,nn30_md0,13,24,190,188,179,0.8994974874371859,0.9421052631578948,0.9521276595744681
software_engineering,nn30_md0,14,42,185,169,162,0.84375,0.8756756756756757,0.9585798816568047
software_engineering,nn30_md0,15,25,172,153,135,0.7105263157894737,0.7848837209302325,0.8823529411764706
software_engineering,nn30_md0,16,10,167,169,156,0.8666666666666667,0.9341317365269461,0.9230769230769231
software_engineering,nn30_md0,17,12,154,1572,148,0.09378960709759189,0.961038961038961,0.09414758269720101
software_engineering,nn30_md0,18,4,150,154,138,0.8313253012048193,0.92,0.8961038961038961
software_engineering,nn30_md0,19,22,144,134,127,0.8410596026490066,0.8819444444444444,0.9477611940298507
software_engineering,nn30_md0,20,34,124,43,26,0.18439716312056736,0.20967741935483872,0.6046511627906976
software_engineering,nn30_md0,21,14,116,103,100,0.8403361344537815,0.8620689655172413,0.970873786407767
software_engineering,nn30_md0,22,38,111,128,100,0.7194244604316546,0.9009009009009009,0.78125
software_engineering,nn30_md0,23,35,108,81,66,0.5365853658536586,0.6111111111111112,0.8148148148148148
software_engineering,nn30_md0,24,36,106,92,87,0.7837837837837838,0.8207547169811321,0.9456521739130435
software_engineering,nn30_md0,25,3,105,105,102,0.9444444444444444,0.9714285714285714,0.9714285714285714
software_engineering,nn30_md0,26,27,105,98,84,0.7058823529411765,0.8,0.8571428571428571
software_engineering,nn30_md0,27,17,100,163,91,0.5290697674418605,0.91,0.558282208588957
software_engineering,nn30_md0,28,26,96,41,39,0.3979591836734694,0.40625,0.9512195121951219
software_engineering,nn30_md0,29,51,92,99,23,0.13690476190476192,0.25,0.23232323232323232
software_engineering,nn30_md0,30,33,92,189,62,0.2831050228310502,0.6739130434782609,0.328042328042328
software_engineering,nn30_md0,31,49,91,121,74,0.5362318840579711,0.8131868131868132,0.6115702479338843
software_engineering,nn30_md0,32,16,85,36,35,0.4069767441860465,0.4117647058823529,0.9722222222222222
software_engineering,nn30_md0,33,8,83,78,74,0.8505747126436781,0.891566265060241,0.9487179487179487
software_engineering,nn30_md0,34,31,81,71,65,0.7471264367816092,0.8024691358024691,0.9154929577464789
software_engineering,nn30_md0,35,50,80,85,72,0.7741935483870968,0.9,0.8470588235294118
software_engineering,nn30_md0,36,48,80,36,23,0.24731182795698925,0.2875,0.6388888888888888
software_engineering,nn30_md0,37,13,77,104,71,0.6454545454545455,0.922077922077922,0.6826923076923077
software_engineering,nn30_md0,38,18,72,53,53,0.7361111111111112,0.7361111111111112,1.0
software_engineering,nn30_md0,39,37,71,674,50,0.07194244604316546,0.704225352112676,0.07418397626112759
software_engineering,nn30_md0,40,12,68,1572,67,0.04259376986649714,0.9852941176470589,0.04262086513994911
software_engineering,nn30_md0,41,1,67,66,65,0.9558823529411765,0.9701492537313433,0.9848484848484849
software_engineering,nn30_md0,42,32,64,64,61,0.9104477611940298,0.953125,0.953125
software_engineering,nn30_md0,43,41,60,94,31,0.25203252032520324,0.5166666666666667,0.32978723404255317
software_engineering,nn30_md0,44,20,60,47,47,0.7833333333333333,0.7833333333333333,1.0
software_engineering,nn30_md0,45,51,60,99,55,0.5288461538461539,0.9166666666666666,0.5555555555555556
software_engineering,nn30_md0,46,15,60,56,45,0.6338028169014085,0.75,0.8035714285714286
software_engineering,nn30_md0,47,33,54,189,31,0.14622641509433962,0.5740740740740741,0.164021164021164
software_engineering,nn30_md0,48,41,52,94,42,0.40384615384615385,0.8076923076923077,0.44680851063829785
software_engineering,nn30_md0,49,12,51,1572,51,0.03244274809160305,1.0,0.03244274809160305
software_engineering,nn30_md0,50,39,51,45,42,0.7777777777777778,0.8235294117647058,0.9333333333333333
software_engineering,nn30_md0,51,7,51,53,48,0.8571428571428571,0.9411764705882353,0.9056603773584906
software_engineering,nn30_md0,52,19,51,42,41,0.7884615384615384,0.803921568627451,0.9761904761904762
software_engineering,nn30_md0,53,40,51,39,38,0.7307692307692307,0.7450980392156863,0.9743589743589743
software_engineering,nn30_md0,54,29,50,47,46,0.9019607843137255,0.92,0.9787234042553191
software_engineering,nn30_md0,55,37,50,674,22,0.03133903133903134,0.44,0.032640949554896145
software_engineering,nn30_md0,56,23,48,47,42,0.7924528301886793,0.875,0.8936170212765957
software_engineering,nn30_md0,57,30,47,37,33,0.6470588235294118,0.7021276595744681,0.8918918918918919
software_engineering,nn30_md0,58,28,44,44,37,0.7254901960784313,0.8409090909090909,0.8409090909090909
software_engineering,nn30_md0,59,12,42,1572,40,0.025412960609911054,0.9523809523809523,0.02544529262086514
software_engineering,nn30_md0,60,5,40,52,39,0.7358490566037735,0.975,0.75
software_engineering,nn30_md0,61,11,38,470,1,0.0019723865877712033,0.02631578947368421,0.002127659574468085
software_engineering,nn30_md0,62,13,38,104,33,0.30275229357798167,0.868421052631579,0.3173076923076923
software_engineering,nn30_md0,63,-1,36,7968,36,0.0,0.0,0.0
software_engineering,nn30_md0,64,33,36,189,16,0.07655502392344497,0.4444444444444444,0.08465608465608465
software_engineering,nn30_md0,65,33,35,189,4,0.01818181818181818,0.11428571428571428,0.021164021164021163
software_engineering,nn50_md0,0,2,2291,2257,2211,0.9460847240051348,0.9650807507638586,0.9796189632255206
software_engineering,nn50_md0,1,16,730,675,662,0.8909825033647375,0.9068493150684932,0.9807407407407407
software_engineering,nn50_md0,2,47,705,359,301,0.3944954128440367,0.4269503546099291,0.8384401114206128
software_engineering,nn50_md0,3,39,639,508,399,0.5334224598930482,0.6244131455399061,0.7854330708661418
software_engineering,nn50_md0,4,7,550,462,450,0.800711743772242,0.8181818181818182,0.974025974025974
software_engineering,nn50_md0,5,41,305,121,107,0.335423197492163,0.35081967213114756,0.8842975206611571
software_engineering,nn50_md0,6,0,241,239,235,0.9591836734693877,0.975103734439834,0.9832635983263598
software_engineering,nn50_md0,7,10,239,184,174,0.6987951807228916,0.7280334728033473,0.9456521739130435
software_engineering,nn50_md0,8,8,239,1570,238,0.1514958625079567,0.99581589958159,0.15159235668789808
software_engineering,nn50_md0,9,49,226,135,113,0.45564516129032256,0.5,0.837037037037037
software_engineering,nn50_md0,10,13,225,203,194,0.8290598290598291,0.8622222222222222,0.9556650246305419
software_engineering,nn50_md0,11,44,202,290,180,0.5769230769230769,0.8910891089108911,0.6206896551724138
software_engineering,nn50_md0,12,8,194,1570,194,0.12356687898089172,1.0,0.12356687898089172
software_engineering,nn50_md0,13,22,190,168,167,0.8743455497382199,0.8789473684210526,0.9940476190476191
software_engineering,nn50_md0,14,35,185,125,105,0.5121951219512195,0.5675675675675675,0.84
software_engineering,nn50_md0,15,26,172,149,128,0.6632124352331606,0.7441860465116279,0.8590604026845637
software_engineering,nn50_md0,16,9,167,162,154,0.88,0.9221556886227545,0.9506172839506173
software_engineering,nn50_md0,17,8,154,1570,122,0.07615480649188515,0.7922077922077922,0.07770700636942675
software_engineering,nn50_md0,18,14,150,136,128,0.810126582278481,0.8533333333333334,0.9411764705882353
software_engineering,nn50_md0,19,12,144,128,124,0.8378378378378378,0.8611111111111112,0.96875
software_engineering,nn50_md0,20,38,124,37,3,0.0189873417721519,0.024193548387096774,0.08108108108108109
software_engineering,nn50_md0,21,11,116,96,91,0.7520661157024794,0.7844827586206896,0.9479166666666666
software_engineering,nn50_md0,22,37,111,89,87,0.7699115044247787,0.7837837837837838,0.9775280898876404
software_engineering,nn50_md0,23,29,108,56,52,0.4642857142857143,0.48148148148148145,0.9285714285714286
software_engineering,nn50_md0,24,31,106,89,82,0.7256637168141593,0.7735849056603774,0.9213483146067416
software_engineering,nn50_md0,25,4,105,100,98,0.9158878504672897,0.9333333333333333,0.98
software_engineering,nn50_md0,26,20,105,88,78,0.6782608695652174,0.7428571428571429,0.8863636363636364
software_engineering,nn50_md0,27,18,100,54,24,0.18461538461538463,0.24,0.4444444444444444
software_engineering,nn50_md0,28,25,96,40,40,0.4166666666666667,0.4166666666666667,1.0
software_engineering,nn50_md0,29,45,92,73,23,0.1619718309859155,0.25,0.3150684931506849
software_engineering,nn50_md0,30,48,92,42,34,0.34,0.3695652173913043,0.8095238095238095
software_engineering,nn50_md0,31,51,91,77,71,0.7319587628865979,0.7802197802197802,0.922077922077922
software_engineering,nn50_md0,32,17,85,39,38,0.4418604651162791,0.4470588235294118,0.9743589743589743
software_engineering,nn50_md0,33,6,83,81,78,0.9069767441860465,0.9397590361445783,0.9629629629629629
software_engineering,nn50_md0,34,28,81,88,59,0.5363636363636364,0.7283950617283951,0.6704545454545454
software_engineering,nn50_md0,35,43,80,135,67,0.4527027027027027,0.8375,0.4962962962962963
software_engineering,nn50_md0,36,50,80,42,30,0.32608695652173914,0.375,0.7142857142857143
software_engineering,nn50_md0,37,5,77,112,68,0.5619834710743802,0.8831168831168831,0.6071428571428571
software_engineering,nn50_md0,38,19,72,95,49,0.4152542372881356,0.6805555555555556,0.5157894736842106
software_engineering,nn50_md0,39,39,71,508,26,0.04701627486437613,0.36619718309859156,0.051181102362204724
software_engineering,nn50_md0,40,8,68,1570,66,0.04198473282442748,0.9705882352941176,0.04203821656050955
software_engineering,nn50_md0,41,1,67,66,65,0.9558823529411765,0.9701492537313433,0.9848484848484849
software_engineering,nn50_md0,42,30,64,62,61,0.9384615384615385,0.953125,0.9838709677419355
software_engineering,nn50_md0,43,33,60,95,22,0.16541353383458646,0.36666666666666664,0.23157894736842105
software_engineering,nn50_md0,44,27,60,63,47,0.618421052631579,0.7833333333333333,0.746031746031746
software_engineering,nn50_md0,45,43,60,135,51,0.3541666666666667,0.85,0.37777777777777777
software_engineering,nn50_md0,46,5,60,112,1,0.005847953216374269,0.016666666666666666,0.008928571428571428
software_engineering,nn50_md0,47,38,54,37,6,0.07058823529411765,0.1111111111111111,0.16216216216216217
software_engineering,nn50_md0,48,33,52,95,42,0.4,0.8076923076923077,0.4421052631578947
software_engineering,nn50_md0,49,8,51,1570,50,0.031826861871419476,0.9803921568627451,0.03184713375796178
software_engineering,nn50_md0,50,34,51,45,41,0.7454545454545455,0.803921568627451,0.9111111111111111
software_engineering,nn50_md0,51,3,51,49,46,0.8518518518518519,0.9019607843137255,0.9387755102040817
software_engineering,nn50_md0,52,19,51,95,42,0.40384615384615385,0.8235294117647058,0.4421052631578947
software_engineering,nn50_md0,53,33,51,95,10,0.07352941176470588,0.19607843137254902,0.10526315789473684
software_engineering,nn50_md0,54,23,50,49,47,0.9038461538461539,0.94,0.9591836734693877
software_engineering,nn50_md0,55,-1,50,8703,50,0.0,0.0,0.0
software_engineering,nn50_md0,56,32,48,39,35,0.6730769230769231,0.7291666666666666,0.8974358974358975
software_engineering,nn50_md0,57,-1,47,8703,47,0.0,0.0,0.0
software_engineering,nn50_md0,58,21,44,45,39,0.78,0.8863636363636364,0.8666666666666667
software_engineering,nn50_md0,59,8,42,1570,36,0.02284263959390863,0.8571428571428571,0.022929936305732482
software_engineering,nn50_md0,60,15,40,36,33,0.7674418604651163,0.825,0.9166666666666666
software_engineering,nn50_md0,61,7,38,462,1,0.002004008016032064,0.02631578947368421,0.0021645021645021645
software_engineering,nn50_md0,62,5,38,112,30,0.25,0.7894736842105263,0.26785714285714285
software_engineering,nn50_md0,63,28,36,88,23,0.22772277227722773,0.6388888888888888,0.26136363636363635
software_engineering,nn50_md0,64,14,36,136,1,0.005847953216374269,0.027777777777777776,0.007352941176470588
software_engineering,nn50_md0,65,38,35,37,6,0.09090909090909091,0.17142857142857143,0.16216216216216217
software_engineering,nn15_md01,0,2,2291,18501,2290,0.12377040319965409,0.9995635093845482,0.12377709313010107
software_engineering,nn15_md01,1,2,730,18501,730,0.03945732663099292,1.0,0.03945732663099292
software_engineering,nn15_md01,2,2,705,18501,705,0.03810604832171234,1.0,0.03810604832171234
software_engineering,nn15_md01,3,2,639,18501,639,0.03453867358521161,1.0,0.03453867358521161
software_engineering,nn15_md01,4,2,550,18501,550,0.02972812280417275,1.0,0.02972812280417275
software_engineering,nn15_md01,5,2,305,18501,305,0.01648559537322307,1.0,0.01648559537322307
software_engineering,nn15_md01,6,0,241,241,241,1.0,1.0,1.0
software_engineering,nn15_md01,7,2,239,18501,239,0.01291822063672234,1.0,0.01291822063672234
software_engineering,nn15_md01,8,2,239,18501,239,0.01291822063672234,1.0,0.01291822063672234
software_engineering,nn15_md01,9,2,226,18501,226,0.012215555915896438,1.0,0.012215555915896438
software_engineering,nn15_md01,10,2,225,18501,225,0.012161504783525215,1.0,0.012161504783525215
software_engineering,nn15_md01,11,2,202,18501,202,0.010918328738987081,1.0,0.010918328738987081
software_engineering,nn15_md01,12,2,194,18501,194,0.010485919680017296,1.0,0.010485919680017296
software_engineering,nn15_md01,13,2,190,18501,190,0.010269715150532403,1.0,0.010269715150532403
software_engineering,nn15_md01,14,2,185,18501,185,0.009999459488676287,1.0,0.009999459488676287
software_engineering,nn15_md01,15,2,172,18501,172,0.009296794767850386,1.0,0.009296794767850386
software_engineering,nn15_md01,16,2,167,18501,167,0.00902653910599427,1.0,0.00902653910599427
software_engineering,nn15_md01,17,2,154,18501,154,0.00832387438516837,1.0,0.00832387438516837
software_engineering,nn15_md01,18,2,150,18501,150,0.008107669855683477,1.0,0.008107669855683477
software_engineering,nn15_md01,19,2,144,18501,144,0.007783363061456138,1.0,0.007783363061456138
software_engineering,nn15_md01,20,2,124,18501,124,0.006702340414031674,1.0,0.006702340414031674
software_engineering,nn15_md01,21,2,116,18501,116,0.006269931355061888,1.0,0.006269931355061888
software_engineering,nn15_md01,22,2,111,18501,111,0.005999675693205773,1.0,0.005999675693205773
software_engineering,nn15_md01,23,2,108,18501,108,0.0058375222960921035,1.0,0.0058375222960921035
software_engineering,nn15_md01,24,2,106,18501,106,0.005729420031349657,1.0,0.005729420031349657
software_engineering,nn15_md01,25,2,105,18501,105,0.0056753688989784334,1.0,0.0056753688989784334
software_engineering,nn15_md01,26,2,105,18501,105,0.0056753688989784334,1.0,0.0056753688989784334
software_engineering,nn15_md01,27,2,100,18501,100,0.005405113237122318,1.0,0.005405113237122318
software_engineering,nn15_md01,28,2,96,18501,96,0.005188908707637425,1.0,0.005188908707637425
software_engineering,nn15_md01,29,2,92,18501,92,0.004972704178152532,1.0,0.004972704178152532
software_engineering,nn15_md01,30,2,92,18501,92,0.004972704178152532,1.0,0.004972704178152532
software_engineering,nn15_md01,31,2,91,18501,91,0.004918653045781309,1.0,0.004918653045781309
software_engineering,nn15_md01,32,2,85,18501,85,0.00459434625155397,1.0,0.00459434625155397
software_engineering,nn15_md01,33,2,83,18501,83,0.004486243986811524,1.0,0.004486243986811524
software_engineering,nn15_md01,34,2,81,18501,81,0.004378141722069078,1.0,0.004378141722069078
software_engineering,nn15_md01,35,2,80,18501,80,0.004324090589697854,1.0,0.004324090589697854
software_engineering,nn15_md01,36,2,80,18501,80,0.004324090589697854,1.0,0.004324090589697854
software_engineering,nn15_md01,37,1,77,68,1,0.006944444444444444,0.012987012987012988,0.014705882352941176
software_engineering,nn15_md01,38,2,72,18501,72,0.003891681530728069,1.0,0.003891681530728069
software_engineering,nn15_md01,39,2,71,18501,71,0.0038376303983568456,1.0,0.0038376303983568456
software_engineering,nn15_md01,40,2,68,18501,68,0.003675477001243176,1.0,0.003675477001243176
software_engineering,nn15_md01,41,1,67,68,67,0.9852941176470589,1.0,0.9852941176470589
software_engineering,nn15_md01,42,2,64,18501,64,0.0034592724717582833,1.0,0.0034592724717582833
software_engineering,nn15_md01,43,2,60,18501,60,0.0032430679422733905,1.0,0.0032430679422733905
software_engineering,nn15_md01,44,2,60,18501,60,0.0032430679422733905,1.0,0.0032430679422733905
software_engineering,nn15_md01,45,2,60,18501,60,0.0032430679422733905,1.0,0.0032430679422733905
software_engineering,nn15_md01,46,2,60,18501,60,0.0032430679422733905,1.0,0.0032430679422733905
software_engineering,nn15_md01,47,2,54,18501,54,0.0029187611480460517,1.0,0.0029187611480460517
software_engineering,nn15_md01,48,2,52,18501,52,0.0028106588833036053,1.0,0.0028106588833036053
software_engineering,nn15_md01,49,2,51,18501,51,0.002756607750932382,1.0,0.002756607750932382
software_engineering,nn15_md01,50,2,51,18501,51,0.002756607750932382,1.0,0.002756607750932382
software_engineering,nn15_md01,51,2,51,18501,51,0.002756607750932382,1.0,0.002756607750932382
software_engineering,nn15_md01,52,2,51,18501,51,0.002756607750932382,1.0,0.002756607750932382
software_engineering,nn15_md01,53,2,51,18501,51,0.002756607750932382,1.0,0.002756607750932382
software_engineering,nn15_md01,54,2,50,18501,50,0.002702556618561159,1.0,0.002702556618561159
software_engineering,nn15_md01,55,2,50,18501,50,0.002702556618561159,1.0,0.002702556618561159
software_engineering,nn15_md01,56,2,48,18501,48,0.0025944543538187126,1.0,0.0025944543538187126
software_engineering,nn15_md01,57,2,47,18501,47,0.0025404032214474894,1.0,0.0025404032214474894
software_engineering,nn15_md01,58,2,44,18501,44,0.0023782498243338198,1.0,0.0023782498243338198
software_engineering,nn15_md01,59,2,42,18501,42,0.0022701475595913734,1.0,0.0022701475595913734
software_engineering,nn15_md01,60,2,40,18501,40,0.002162045294848927,1.0,0.002162045294848927
software_engineering,nn15_md01,61,2,38,18501,38,0.0020539430301064806,1.0,0.0020539430301064806
software_engineering,nn15_md01,62,2,38,18501,38,0.0020539430301064806,1.0,0.0020539430301064806
software_engineering,nn15_md01,63,2,36,18501,36,0.0019458407653640344,1.0,0.0019458407653640344
software_engineering,nn15_md01,64,2,36,18501,36,0.0019458407653640344,1.0,0.0019458407653640344
software_engineering,nn15_md01,65,2,35,18501,35,0.0018917896329928112,1.0,0.0018917896329928112
software_engineering,nn15_md05,0,1,2291,17726,2173,0.12177762833445416,0.9484941073766914,0.12258828838993568
software_engineering,nn15_md05,1,1,730,17726,717,0.04041941484863859,0.9821917808219178,0.040449057881078644
software_engineering,nn15_md05,2,1,705,17726,701,0.03953750705019741,0.9943262411347518,0.039546428974387905
software_engineering,nn15_md05,3,1,639,17726,638,0.03599029728662492,0.9984350547730829,0.03599232765429313
software_engineering,nn15_md05,4,1,550,17726,526,0.02963380281690141,0.9563636363636364,0.029673925307457973
software_engineering,nn15_md05,5,1,305,17726,300,0.016919519485646607,0.9836065573770492,0.016924292000451313
software_engineering,nn15_md05,6,2,241,234,232,0.9547325102880658,0.9626556016597511,0.9914529914529915
software_engineering,nn15_md05,7,1,239,17726,239,0.013483019293692881,1.0,0.013483019293692881
software_engineering,nn15_md05,8,1,239,17726,238,0.013425847577142212,0.99581589958159,0.01342660498702471
software_engineering,nn15_md05,9,1,226,17726,226,0.012749633307006658,1.0,0.012749633307006658
software_engineering,nn15_md05,10,1,225,17726,214,0.012065174493995603,0.9511111111111111,0.012072661626988604
software_engineering,nn15_md05,11,1,202,17726,200,0.01128158844765343,0.9900990099009901,0.01128286133363421
software_engineering,nn15_md05,12,1,194,17726,194,0.010944375493625183,1.0,0.010944375493625183
software_engineering,nn15_md05,13,1,190,17726,181,0.010205807724837892,0.9526315789473684,0.01021098950693896
software_engineering,nn15_md05,14,1,185,17726,181,0.01020868584320361,0.9783783783783784,0.01021098950693896
software_engineering,nn15_md05,15,1,172,17726,168,0.009475465313028765,0.9767441860465116,0.009477603520252736
software_engineering,nn15_md05,16,1,167,17726,158,0.008908937129968987,0.9461077844311377,0.008913460453571026
software_engineering,nn15_md05,17,1,154,17726,154,0.008687803226898341,1.0,0.008687803226898341
software_engineering,nn15_md05,18,1,150,17726,141,0.007950380603326755,0.94,0.007954417240212118
software_engineering,nn15_md05,19,1,144,17726,140,0.007896221094190638,0.9722222222222222,0.007898002933543946
software_engineering,nn15_md05,20,1,124,17726,124,0.00699537402685321,1.0,0.00699537402685321
software_engineering,nn15_md05,21,1,116,17726,101,0.005693027450538301,0.8706896551724138,0.0056978449734852755
software_engineering,nn15_md05,22,1,111,17726,110,0.0062052236701077455,0.990990990990991,0.006205573733498815
software_engineering,nn15_md05,23,1,108,17726,106,0.005979241877256318,0.9814814814814815,0.0059799165068261315
software_engineering,nn15_md05,24,1,106,17726,102,0.005752961082910322,0.9622641509433962,0.005754259280153447
software_engineering,nn15_md05,25,1,105,17726,100,0.005639839828548869,0.9523809523809523,0.005641430666817105
software_engineering,nn15_md05,26,1,105,17726,101,0.005696559503666102,0.9619047619047619,0.0056978449734852755
software_engineering,nn15_md05,27,1,100,17726,87,0.004904447826822256,0.87,0.004908044680130882
software_engineering,nn15_md05,28,1,96,17726,95,0.0053590568060021436,0.9895833333333334,0.005359359133476249
software_engineering,nn15_md05,29,1,92,17726,92,0.005190116213471737,1.0,0.005190116213471737
software_engineering,nn15_md05,30,1,92,17726,92,0.005190116213471737,1.0,0.005190116213471737
software_engineering,nn15_md05,31,1,91,17726,91,0.0051337019068035655,1.0,0.0051337019068035655
software_engineering,nn15_md05,32,1,85,17726,79,0.004455222197157681,0.9294117647058824,0.004456730226785513
software_engineering,nn15_md05,33,1,83,17726,75,0.004229164317130935,0.9036144578313253,0.004231073000112828
software_engineering,nn15_md05,34,1,81,17726,81,0.0045695588401218545,1.0,0.0045695588401218545
software_engineering,nn15_md05,35,1,80,17726,77,0.004343166563257939,0.9625,0.004343901613449171
software_engineering,nn15_md05,36,1,80,17726,80,0.004513144533453684,1.0,0.004513144533453684
software_engineering,nn15_md05,37,1,77,17726,69,0.00389083117176046,0.8961038961038961,0.0038925871601038025
software_engineering,nn15_md05,38,1,72,17726,66,0.0037220843672456576,0.9166666666666666,0.0037233442400992894
software_engineering,nn15_md05,39,1,71,17726,71,0.004005415773440144,1.0,0.004005415773440144
software_engineering,nn15_md05,40,1,68,17726,68,0.0038361728534356313,1.0,0.0038361728534356313
software_engineering,nn15_md05,41,0,67,65,65,0.9701492537313433,0.9701492537313433,1.0
software_engineering,nn15_md05,42,1,64,17726,59,0.0033275054988438327,0.921875,0.003328444093422092
software_engineering,nn15_md05,43,1,60,17726,60,0.0033848584000902627,1.0,0.0033848584000902627
software_engineering,nn15_md05,44,1,60,17726,56,0.003158488437676255,0.9333333333333333,0.003159201173417579
software_engineering,nn15_md05,45,1,60,17726,60,0.0033848584000902627,1.0,0.0033848584000902627
software_engineering,nn15_md05,46,1,60,17726,58,0.0032716606498194947,0.9666666666666667,0.0032720297867539208
software_engineering,nn15_md05,47,1,54,17726,54,0.0030463725600812365,1.0,0.0030463725600812365
software_engineering,nn15_md05,48,1,52,17726,52,0.0029335439467448945,1.0,0.0029335439467448945
software_engineering,nn15_md05,49,1,51,17726,51,0.0028771296400767234,1.0,0.0028771296400767234
software_engineering,nn15_md05,50,1,51,17726,50,0.0028205562136853386,0.9803921568627451,0.0028207153334085526
software_engineering,nn15_md05,51,1,51,17726,46,0.0025943263211324796,0.9019607843137255,0.0025950581067358683
software_engineering,nn15_md05,52,1,51,17726,51,0.0028771296400767234,1.0,0.0028771296400767234
software_engineering,nn15_md05,53,1,51,17726,49,0.00276398916967509,0.9607843137254902,0.0027643010267403814
software_engineering,nn15_md05,54,1,50,17726,48,0.002707581227436823,0.96,0.0027078867200722103
software_engineering,nn15_md05,55,1,50,17726,50,0.0028207153334085526,1.0,0.0028207153334085526
software_engineering,nn15_md05,56,1,48,17726,47,0.0026513228408642183,0.9791666666666666,0.002651472413404039
software_engineering,nn15_md05,57,1,47,17726,45,0.0025383574007220217,0.9574468085106383,0.002538643800067697
software_engineering,nn15_md05,58,1,44,17726,42,0.00236913357400722,0.9545454545454546,0.002369400880063184
software_engineering,nn15_md05,59,1,42,17726,41,0.0023128560952219777,0.9761904761904762,0.002312986573395013
software_engineering,nn15_md05,60,1,40,17726,39,0.0022000338466745643,0.975,0.002200157960058671
software_engineering,nn15_md05,61,1,38,17726,38,0.0021437436533904997,1.0,0.0021437436533904997
software_engineering,nn15_md05,62,1,38,17726,37,0.0020872115981271505,0.9736842105263158,0.002087329346722329
software_engineering,nn15_md05,63,1,36,17726,31,0.0017483503468501494,0.8611111111111112,0.0017488435067133025
software_engineering,nn15_md05,64,1,36,17726,35,0.001974389349579737,0.9722222222222222,0.0019745007333859866
software_engineering,nn15_md05,65,1,35,17726,35,0.0019745007333859866,1.0,0.0019745007333859866
