topic,comments,unique_posts,unique_subreddits,largest_post_comment_n,largest_post_comment_share,top_3_posts_comment_n,top_3_posts_comment_share,largest_subreddit_n,largest_subreddit_share
-1,212,163,67,4,0.018868,12,0.056604,18,0.084906
0,100,65,27,5,0.05,11,0.11,13,0.13
1,62,39,12,6,0.096774,14,0.225806,15,0.241935
2,56,45,34,3,0.053571,9,0.160714,8,0.142857
3,41,38,26,2,0.04878,6,0.146341,4,0.097561
4,39,36,25,2,0.051282,6,0.153846,4,0.102564
5,38,35,20,3,0.078947,6,0.157895,4,0.105263
6,31,23,10,3,0.096774,7,0.225806,10,0.322581
7,28,24,12,2,0.071429,6,0.214286,7,0.25
8,26,18,7,4,0.153846,8,0.307692,9,0.346154
9,24,24,20,1,0.041667,3,0.125,2,0.083333
10,20,15,11,5,0.25,8,0.4,8,0.4
11,19,16,11,3,0.157895,6,0.315789,4,0.210526
12,19,15,12,3,0.157895,7,0.368421,3,0.157895
13,18,16,13,2,0.111111,5,0.277778,3,0.166667
14,18,13,11,3,0.166667,8,0.444444,6,0.333333
15,17,14,6,3,0.176471,6,0.352941,6,0.352941
16,16,15,12,2,0.125,4,0.25,3,0.1875
17,16,12,10,3,0.1875,7,0.4375,6,0.375
18,15,12,10,3,0.2,6,0.4,3,0.2
19,15,9,6,5,0.333333,9,0.6,8,0.533333
20,14,14,11,1,0.071429,3,0.214286,2,0.142857
21,14,10,3,4,0.285714,7,0.5,7,0.5
